<?xml version="1.0" encoding="UTF-8"?>
<Entities>
    <ExtensionPackages>
        <ExtensionPackage dependsOn="" description="BaiduMapWidget" minimumThingWorxVersion="8.3.0" name="BaiduMapWidget" packageVersion="1.0.0" vendor="ThingWorx Customer Service"> 
        </ExtensionPackage>
    </ExtensionPackages>
	<StyleDefinitions>
		<StyleDefinition name="DefaultMapRegionSelectedStyle" description="Default map region selected marker style" documentationContent="" lastModifiedDate="2013-10-03T14:44:30.820-04:00" tags=""><content><![CDATA[{"displayString":"","fontEmphasisUnderline":false,"fontEmphasisItalic":false,"textSize":"normal","lineColor":"#000000","backgroundColor":"#1206ff","lineStyle":"solid","lineThickness":1,"secondaryBackgroundColor":"","fontEmphasisBold":false,"foregroundColor":""}]]></content></StyleDefinition>
	</StyleDefinitions>
	<Widgets>
		<Widget name="baidumap">
			<UIResources>
				<!-- Studio ONLY -->
				<FileResource type="CSS" file="baidumap.ide.css" description="" isDevelopment="true" isRuntime="false" />
				<FileResource type="JS" file="baidumap.ide.js" description="" isDevelopment="true" isRuntime="false" />
				<!-- Runtime/Squeal ONLY -->
				<FileResource type="CSS" file="baidumap.runtime.css" description="" isDevelopment="false" isRuntime="true" />
				<FileResource type="JS" file="baidumap.runtime.js" description="" isDevelopment="false" isRuntime="true" />
				<FileResource type="JS" url="http://api.map.baidu.com/api?v=2.0&amp;ak=8FCSfqzfpuDO3jectIuvZLjr71CfkKPh" description="" isDevelopment="false" isRuntime="true" />
			</UIResources>
		</Widget>
	</Widgets>
</Entities>
